Output File,Benchmark,pref_cpu0_L2C,IPC,cpu0_L2C TOTAL,cpu0_L2C TOTAL,cpu0_L2C TOTAL,cpu0_L2C LOAD,cpu0_L2C LOAD,cpu0_L2C LOAD,cpu0_L2C RFO,cpu0_L2C RFO,cpu0_L2C RFO,cpu0_L2C PREFETCH,cpu0_L2C PREFETCH,cpu0_L2C PREFETCH,cpu0_L2C PREFETCH,cpu0_L2C PREFETCH,cpu0_L2C PREFETCH,cpu0_L2C PREFETCH,cpu0_L2C WRITEBACK,cpu0_L2C WRITEBACK,cpu0_L2C WRITEBACK,cpu0_L2C TRANSLATION,cpu0_L2C TRANSLATION,cpu0_L2C TRANSLATION,cpu0_L2C AVERAGE MISS
,,,,ACCESS,HIT,MISS,ACCESS,HIT,MISS,ACCESS,HIT,MISS,ACCESS,HIT,MISS,REQUESTED,ISSUED,USEFUL,USELESS,ACCESS,HIT,MISS,ACCESS,HIT,MISS,LATENCY
out_ppf-ip-stride_1_627_085130.txt,627.cam4_s-573B.champsimtrace.xz,PPF over IP-based stride prefetcher,1.01404,17919816,11852455,6067361,3480522,2777216,703306,6561554,1218094,5343460,918553,899950,18603,2971889,938561,14099,4521,6957701,6956277,1424,1486,918,568,892.656
out_ip-stride-modified_1_627_085114.txt,627.cam4_s-573B.champsimtrace.xz,Modified IP-based stride prefetcher,1.01384,18168166,12089298,6078868,3480525,2774742,705783,6561549,1217624,5343925,1166993,1139906,27087,3631508,1191278,21046,5969,6957613,6956107,1506,1486,919,567,891.625
out_ip-stride-modified_0_600_085114.txt,600.perlbench_s-210B.champsimtrace.xz,Modified IP-based stride prefetcher,1.56555,2924684,2473258,451426,2541651,2126678,414973,80740,52288,28452,38778,32113,6665,116948,39454,3475,3150,262348,261249,1099,1167,930,237,139.281
out_ppf-ip-stride_0_600_085130.txt,600.perlbench_s-210B.champsimtrace.xz,PPF over IP-based stride prefetcher,1.56587,2894576,2449668,444908,2541645,2127686,413959,80741,52342,28399,8675,7447,1228,24768,9084,696,582,262348,261260,1088,1167,933,234,138.462
